Feature,Importance
Max_Delay,0.528236185378566
Avg_Payment_Ratio,0.17041976955267882
Debt_Utilization,0.16210441895765756
LIMIT_BAL,0.0726855631933061
AGE,0.06655406291779149
